bucket,collection,category,rn,title,prompt_title,filename
Hospitality / Plated menus / Mains,Hospitality,Plated menus / Mains,12205663,Cornfed chicken butternut veloute,Cornfed chicken butternut veloute,12205663.webp
Hospitality / Plated menus / Mains,Hospitality,Plated menus / Mains,12205664,Cider Pressed Belly of Pork,Cider Pressed Belly of Pork,12205664.webp
Hospitality / Plated menus / Mains,Hospitality,Plated menus / Mains,12205665,Rosemary Lamb Cutlet Confit of Lamb,Rosemary Lamb Cutlet Confit of Lamb,12205665.webp
Hospitality / Plated menus / Mains,Hospitality,Plated menus / Mains,12205666,hake lemon infused potatoes samphire and,hake lemon infused potatoes samphire and,12205666.webp
Hospitality / Plated menus / Mains,Hospitality,Plated menus / Mains,12205667,Seabass (GF) dill buttered fondant potato,Seabass (GF) dill buttered fondant potato,12205667.webp
Hospitality / Plated menus / Mains,Hospitality,Plated menus / Mains,12205668,Chalk Steam Trout (GF) chard golden carrot,Chalk Steam Trout (GF) chard golden carrot,12205668.webp
Hospitality / Plated menus / Mains,Hospitality,Plated menus / Mains,12205669,Parsley Crusted Cod Loin potato cake crushed,Parsley Crusted Cod Loin potato cake crushed,12205669.webp
Hospitality / Plated menus / Mains,Hospitality,Plated menus / Mains,12205760,Stuffed Caraway Cabbage carrot puree,Stuffed Caraway Cabbage carrot puree,12205760.webp
Hospitality / Plated menus / Mains,Hospitality,Plated menus / Mains,12205761,Artichoke Tart (V) potato terrine smoky,Artichoke Tart (V) potato terrine smoky,12205761.webp
Hospitality / Plated menus / Mains,Hospitality,Plated menus / Mains,12205762,Purple Sprouting Broccoli & Feta Strudel (VE),Purple Sprouting Broccoli & Feta Strudel (VE),12205762.webp
Hospitality / Plated menus / Mains,Hospitality,Plated menus / Mains,12205763,Thyme & shallot Tart,Thyme & shallot Tart,12205763.webp
Hospitality / Plated menus / Mains,Hospitality,Plated menus / Mains,12219003,Chicken asparagus carrot & hollandaise,Chicken asparagus carrot & hollandaise,12219003.webp
Hospitality / Plated menus / Mains,Hospitality,Plated menus / Mains,12219004,Wrapped Nori Cod,Wrapped Nori Cod,12219004.webp
Hospitality / Plated menus / Mains,Hospitality,Plated menus / Mains,12219005,Seabass jersey royals caper butter sauce,Seabass jersey royals caper butter sauce,12219005.webp
Hospitality / Plated menus / Mains,Hospitality,Plated menus / Mains,12219006,Cider butternut belly celeriac remoulade,Cider butternut belly celeriac remoulade,12219006.webp
Hospitality / Plated menus / Mains,Hospitality,Plated menus / Mains,12219007,Asparagus black garlic Linguini,Asparagus black garlic Linguini,12219007.webp
Hospitality / Plated menus / Mains,Hospitality,Plated menus / Mains,12269857,Roast chicken breast fregola butternut,Roast chicken breast fregola butternut,12269857.webp
Hospitality / Plated menus / Mains,Hospitality,Plated menus / Mains,12270491,Roast turkey breast stuffing cranberry sauce,Roast turkey breast stuffing cranberry sauce,12270491.webp
Hospitality / Plated menus / Mains,Hospitality,Plated menus / Mains,12270492,Roast beef sirloin herb roast potatoes,Roast beef sirloin herb roast potatoes,12270492.webp
Hospitality / Plated menus / Mains,Hospitality,Plated menus / Mains,12270495,Venison Meatball sprouts bacon cranberries,Venison Meatball sprouts bacon cranberries,12270495.webp
Hospitality / Plated menus / Mains,Hospitality,Plated menus / Mains,12270496,Pork tenderloin pork cheek fondant potato,Pork tenderloin pork cheek fondant potato,12270496.webp
Hospitality / Plated menus / Mains,Hospitality,Plated menus / Mains,12270540,Hake Chorizo & Squid Ink Ragu,Hake Chorizo & Squid Ink Ragu,12270540.webp
Hospitality / Plated menus / Mains,Hospitality,Plated menus / Mains,12270541,Hazelnut Crusted Cod artichokes shitake,Hazelnut Crusted Cod artichokes shitake,12270541.webp
Hospitality / Plated menus / Mains,Hospitality,Plated menus / Mains,12270542,Beet Wellington Hassleback Potato Heritage,Beet Wellington Hassleback Potato Heritage,12270542.webp
Hospitality / Plated menus / Mains,Hospitality,Plated menus / Mains,12272266,Turkey Wellington roasted roots chateau,Turkey Wellington roasted roots chateau,12272266.webp
Hospitality / Plated menus / Starters,Hospitality,Plated menus / Starters,12204927,Chipotle Cauliflower Flat Bread,Chipotle Cauliflower Flat Bread,12204927.webp
Hospitality / Plated menus / Starters,Hospitality,Plated menus / Starters,12204928,Veggie Dog,Veggie Dog,12204928.webp
Hospitality / Plated menus / Starters,Hospitality,Plated menus / Starters,12204929,Smoked Duck and chicken terrine,Smoked Duck and chicken terrine,12204929.webp
Hospitality / Plated menus / Starters,Hospitality,Plated menus / Starters,12205580,Mackerel Rillettes,Mackerel Rillettes,12205580.webp
Hospitality / Plated menus / Starters,Hospitality,Plated menus / Starters,12205581,Smoked Haddock Fishcakes,Smoked Haddock Fishcakes,12205581.webp
Hospitality / Plated menus / Starters,Hospitality,Plated menus / Starters,12205582,White Onion Velouté,White Onion Veloute,12205582.webp
Hospitality / Plated menus / Starters,Hospitality,Plated menus / Starters,12205583,Heritage Beetroot Carpaccio,Heritage Beetroot Carpaccio,12205583.webp
Hospitality / Plated menus / Starters,Hospitality,Plated menus / Starters,12205584,Smoked Salmon Tartare,Smoked Salmon Tartare,12205584.webp
Hospitality / Plated menus / Starters,Hospitality,Plated menus / Starters,12205585,Piccolo Tomato Tart,Piccolo Tomato Tart,12205585.webp
Hospitality / Plated menus / Starters,Hospitality,Plated menus / Starters,12205586,Glazed Smoked Duck,Glazed Smoked Duck,12205586.webp
Hospitality / Plated menus / Starters,Hospitality,Plated menus / Starters,12205587,Charred Mackerel,Charred Mackerel,12205587.webp
Hospitality / Plated menus / Starters,Hospitality,Plated menus / Starters,12205588,Honey Roasted Heritage Carrots,Honey Roasted Heritage Carrots,12205588.webp
Hospitality / Plated menus / Starters,Hospitality,Plated menus / Starters,12212001,Yellowfin Tuna,Yellowfin Tuna,12212001.webp
Hospitality / Plated menus / Starters,Hospitality,Plated menus / Starters,12243783,Salad of Asparagus,Salad of Asparagus,12243783.webp
Hospitality / Plated menus / Starters,Hospitality,Plated menus / Starters,12243789,Crab Lasagne,Crab Lasagne,12243789.webp
Hospitality / Plated menus / Starters,Hospitality,Plated menus / Starters,12245102,Ham Hock Terrine,Ham Hock Terrine,12245102.webp
Hospitality / Plated menus / Starters,Hospitality,Plated menus / Starters,12270389,Juniper cured trout horseradish crème frachie,Juniper cured trout horseradish creme frachie,12270389.webp
Hospitality / Plated menus / Starters,Hospitality,Plated menus / Starters,12270410,Chicken & Ham Terrine endive salad Truffle,Chicken & Ham Terrine endive salad Truffle,12270410.webp
Hospitality / Plated menus / Starters,Hospitality,Plated menus / Starters,12270411,Winter squash veloute mapleand hazlenuts,Winter squash veloute mapleand hazlenuts,12270411.webp
Hospitality / Plated menus / Starters,Hospitality,Plated menus / Starters,12270412,Roasted squash pear toasted pumpkin seeds,Roasted squash pear toasted pumpkin seeds,12270412.webp
Hospitality / Plated menus / Desserts,Hospitality,Plated menus / Desserts,12205589,Rhubarb sphere,Rhubarb sphere,12205589.webp
Hospitality / Plated menus / Desserts,Hospitality,Plated menus / Desserts,12205610,Passion fruit delice,Passion fruit delice,12205610.webp
Hospitality / Plated menus / Desserts,Hospitality,Plated menus / Desserts,12205611,Warm Treacle tart,Warm Treacle tart,12205611.webp
Hospitality / Plated menus / Desserts,Hospitality,Plated menus / Desserts,12205612,Dark Chocolate Truffle Torte,Dark Chocolate Truffle Torte,12205612.webp
Hospitality / Plated menus / Desserts,Hospitality,Plated menus / Desserts,12205613,Eaton Mess,Eaton Mess,12205613.webp
Hospitality / Plated menus / Desserts,Hospitality,Plated menus / Desserts,12205614,Blueberry Cheesecake,Blueberry Cheesecake,12205614.webp
Hospitality / Plated menus / Desserts,Hospitality,Plated menus / Desserts,12205615,Chocolate Nemesis,Chocolate Nemesis,12205615.webp
Hospitality / Plated menus / Desserts,Hospitality,Plated menus / Desserts,12205616,White chocolate trifle,White chocolate trifle,12205616.webp
Hospitality / Plated menus / Desserts,Hospitality,Plated menus / Desserts,12205617,Chocolate fondant,Chocolate fondant,12205617.webp
Hospitality / Plated menus / Desserts,Hospitality,Plated menus / Desserts,12205618,Local Cheese plate,Local Cheese plate,12205618.webp
Hospitality / Plated menus / Desserts,Hospitality,Plated menus / Desserts,12205619,Lemon tart,Lemon tart,12205619.webp
Hospitality / Plated menus / Desserts,Hospitality,Plated menus / Desserts,12216667,Lemon Bake Cheesecake Coconut Ice cream,Lemon Bake Cheesecake Coconut Ice cream,12216667.webp
Hospitality / Plated menus / Desserts,Hospitality,Plated menus / Desserts,12216668,Hot Cross Bun bread pudding,Hot Cross Bun bread pudding,12216668.webp
Hospitality / Plated menus / Desserts,Hospitality,Plated menus / Desserts,12216669,Chocolate Mousse,Chocolate Mousse,12216669.webp
Hospitality / Plated menus / Desserts,Hospitality,Plated menus / Desserts,12219001,White Chocolate Brulé,White Chocolate Brulee,12219001.webp
Hospitality / Fine dining,Hospitality,Fine dining,12210871,Lamb Rump Courgette and Grilled Potatoes served,Lamb Rump Courgette and Grilled Potatoes served,12210871.webp
Hospitality / Fine dining,Hospitality,Fine dining,12210879,Glazed Aubergine Grilled Baby Gem & Roasted King,Glazed Aubergine Grilled Baby Gem & Roasted King,12210879.webp
Hospitality / Fine dining,Hospitality,Fine dining,12210925,Roasted Cod Chickpea Pipperade and Rocket,Roasted Cod Chickpea Pipperade and Rocket,12210925.webp
Hospitality / Fine dining,Hospitality,Fine dining,12210934,Marinated Cherry Tomato Goats Cheese Lovage &,Marinated Cherry Tomato Goats Cheese Lovage &,12210934.webp
Hospitality / Fine dining,Hospitality,Fine dining,12210950,Tuna Starter,Tuna Starter,12210950.webp
Hospitality / Fine dining,Hospitality,Fine dining,12210956,Vichy Starter,Vichy Starter,12210956.webp
Hospitality / Fine dining,Hospitality,Fine dining,12210980,Strawberry Dessert,Strawberry Dessert,12210980.webp
Hospitality / Fine dining,Hospitality,Fine dining,12210984,Pineapple Dessert,Pineapple Dessert,12210984.webp
Hospitality / Fine dining,Hospitality,Fine dining,12216901,Potato Gnocchi Peas Mint & Pickled Shallots,Potato Gnocchi Peas Mint & Pickled Shallots,12216901.webp
Hospitality / Fine dining,Hospitality,Fine dining,12217068,Guniea Fowl Bois Boudran Crushed potatoes,Guniea Fowl Bois Boudran Crushed potatoes,12217068.webp
Hospitality / Events / Canapes,Hospitality,Events / Canapes,12216624,Caramelised Mushroom Tartlets,Caramelised Mushroom Tartlets,12216624.webp
Hospitality / Events / Canapes,Hospitality,Events / Canapes,12216625,Satay Aubergine skewer,Satay Aubergine skewer,12216625.webp
Hospitality / Events / Canapes,Hospitality,Events / Canapes,12216626,Curried spinach & halloumi bites,Curried spinach & halloumi bites,12216626.webp
Hospitality / Events / Canapes,Hospitality,Events / Canapes,12216627,Pecan Stuffed Dates,Pecan Stuffed Dates,12216627.webp
Hospitality / Events / Canapes,Hospitality,Events / Canapes,12216628,Rosemary & olive drop scone goat cheese,Rosemary & olive drop scone goat cheese,12216628.webp
Hospitality / Events / Canapes,Hospitality,Events / Canapes,12216629,Potato Cake Hot Smoke Salmon & Cream,Potato Cake Hot Smoke Salmon & Cream,12216629.webp
Hospitality / Events / Canapes,Hospitality,Events / Canapes,12216660,Hot Smoked Trout with Horseradish cream &,Hot Smoked Trout with Horseradish cream &,12216660.webp
Hospitality / Events / Canapes,Hospitality,Events / Canapes,12216661,rainbow prawn cocktail,rainbow prawn cocktail,12216661.webp
Hospitality / Events / Canapes,Hospitality,Events / Canapes,12216662,Smoked Haddock Curried New Potato &,Smoked Haddock Curried New Potato &,12216662.webp
Hospitality / Events / Canapes,Hospitality,Events / Canapes,12216663,Mini toad in the hole,Mini toad in the hole,12216663.webp
Hospitality / Canapes,Hospitality,Canapes,12206449,Seared beef asparragus truffle mayo,Seared beef asparragus truffle mayo,12206449.webp
Hospitality / Canapes,Hospitality,Canapes,12206450,Crab & apple tortilla picled cucumber,Crab & apple tortilla picled cucumber,12206450.webp
Hospitality / Canapes,Hospitality,Canapes,12206451,Saffron pecorino arancini,Saffron pecorino arancini,12206451.webp
Hospitality / Canapes,Hospitality,Canapes,12206452,Chocolate tart & lime gel,Chocolate tart & lime gel,12206452.webp
Hospitality / Canapes,Hospitality,Canapes,12206453,Confit duck with persimmon chutney,Confit duck with persimmon chutney,12206453.webp
Hospitality / Finger food,Hospitality,Finger food,12205967,Pork & apricots sausage roll,Pork & apricots sausage roll,12205967.webp
Hospitality / Finger food,Hospitality,Finger food,12205968,Yakitori salmon,Yakitori salmon,12205968.webp
Hospitality / Finger food,Hospitality,Finger food,12205969,Pea & cashel blue arancini,Pea & cashel blue arancini,12205969.webp
Hospitality / Finger food,Hospitality,Finger food,12206030,Potted shrimps vol-au-vents,Potted shrimps vol-au-vents,12206030.webp
Hospitality / Finger food,Hospitality,Finger food,12206031,Spiced chicken skewers,Spiced chicken skewers,12206031.webp
Hospitality / Seasonal menus / Spring,Hospitality,Seasonal menus / Spring,12211071,Pan-fried seabass citrusy steamed greens,Pan-fried seabass citrusy steamed greens,12211071.webp
Hospitality / Seasonal menus / Spring,Hospitality,Seasonal menus / Spring,12211072,Purple sprouting broccli & cherry tomato tart,Purple sprouting broccli & cherry tomato tart,12211072.webp
Hospitality / Seasonal menus / Spring,Hospitality,Seasonal menus / Spring,12211073,Roast pork belly sausage and apple stuffed,Roast pork belly sausage and apple stuffed,12211073.webp
Hospitality / Seasonal menus / Spring,Hospitality,Seasonal menus / Spring,12211074,Hake ratatouille with butterbean mash,Hake ratatouille with butterbean mash,12211074.webp
Hospitality / Seasonal menus / Spring,Hospitality,Seasonal menus / Spring,12211075,Pickled smoked mackerel with pink,Pickled smoked mackerel with pink,12211075.webp
Hospitality / Seasonal menus / Spring,Hospitality,Seasonal menus / Spring,12211076,Heritage tomato feta salad with green mixed,Heritage tomato feta salad with green mixed,12211076.webp
Hospitality / Seasonal menus / Spring,Hospitality,Seasonal menus / Spring,12211077,Pea mint & spring onion soup with,Pea mint & spring onion soup with,12211077.webp
Hospitality / Seasonal menus / Spring,Hospitality,Seasonal menus / Spring,12211078,Wild mushroom and fig tart with balsamic,Wild mushroom and fig tart with balsamic,12211078.webp
Hospitality / Seasonal menus / Spring,Hospitality,Seasonal menus / Spring,12211079,One pan salmon roast asparagus cherry,One pan salmon roast asparagus cherry,12211079.webp
Hospitality / Seasonal menus / Spring,Hospitality,Seasonal menus / Spring,12211190,Parmesan spring chicken,Parmesan spring chicken,12211190.webp
Dining / Hot Lunch,Dining,Hot Lunch,12067406,Chicken Fajita,Chicken Fajita,12067406.webp
Dining / Hot Lunch,Dining,Hot Lunch,12084365,Japanese Saba Tatsuta Agge,Japanese Saba Tatsuta Agge,12084365.webp
Dining / Hot Lunch,Dining,Hot Lunch,12084368,Murgh Tikka,Murgh Tikka,12084368.webp
Dining / Hot Lunch,Dining,Hot Lunch,12084377,Japanese Chicken Karagge,Japanese Chicken Karagge,12084377.webp
Dining / Hot Lunch,Dining,Hot Lunch,12084390,Japanese Yakitori Pork Skewer,Japanese Yakitori Pork Skewer,12084390.webp
Dining / Hot Lunch,Dining,Hot Lunch,12084392,Japanese Tsukune,Japanese Tsukune,12084392.webp
Dining / Hot Lunch,Dining,Hot Lunch,12085857,Sliced Avocado,Sliced Avocado,12085857.webp
Dining / Hot Lunch,Dining,Hot Lunch,12088009,Creole Sweetcorn Maquechoux,Creole Sweetcorn Maquechoux,12088009.webp
Dining / Hot Lunch,Dining,Hot Lunch,12088010,Creole Vegetarian Jambalaya,Creole Vegetarian Jambalaya,12088010.webp
Dining / Hot Lunch,Dining,Hot Lunch,12088011,Creole Chicken,Creole Chicken,12088011.webp
Dining / Hot Lunch,Dining,Hot Lunch,12088013,Chicken Sausage Gumbo,Chicken Sausage Gumbo,12088013.webp
Dining / Hot Lunch,Dining,Hot Lunch,12088170,Glamorgan Sausages,Glamorgan Sausages,12088170.webp
Dining / Hot Lunch,Dining,Hot Lunch,12090935,Morning Roll & Butter,Morning Roll & Butter,12090935.webp
Dining / Hot Lunch,Dining,Hot Lunch,12091182,Sausage with Potato & Parsnip Mash,Sausage with Potato & Parsnip Mash,12091182.webp
Dining / Hot Lunch,Dining,Hot Lunch,12091186,Pork Belly and Noddles,Pork Belly and Noddles,12091186.webp
Dining / Hot Lunch,Dining,Hot Lunch,12091196,Malay Spice Sayar Lodeh - Spicy Vegetable Curry,Malay Spice Sayar Lodeh - Spicy Vegetable Curry,12091196.webp
Dining / Hot Lunch,Dining,Hot Lunch,12091197,Malay Spice Beef Rendang - Coconut Spicy Beef,Malay Spice Beef Rendang - Coconut Spicy Beef,12091197.webp
Dining / Hot Lunch,Dining,Hot Lunch,12091211,Malay Spice Ayam Masak Mereh - Red Chicken,Malay Spice Ayam Masak Mereh - Red Chicken,12091211.webp
Dining / Hot Lunch,Dining,Hot Lunch,12091412,Malay Spice Chicken Curry,Malay Spice Chicken Curry,12091412.webp
Dining / Hot Lunch,Dining,Hot Lunch,12091414,Malay Spice Lamb Kurma - Malaysian Indian Lamb,Malay Spice Lamb Kurma - Malaysian Indian Lamb,12091414.webp
Dining / Hot Lunch,Dining,Hot Lunch,12091502,Blackberry Muffin topped with Granola,Blackberry Muffin topped with Granola,12091502.webp
Dining / Hot Lunch,Dining,Hot Lunch,12094563,Shroom Burger,Shroom Burger,12094563.webp
Dining / Hot Lunch,Dining,Hot Lunch,12094564,Chilli Burger,Chilli Burger,12094564.webp
Dining / Hot Lunch,Dining,Hot Lunch,12094567,Lebanese Burger,Lebanese Burger,12094567.webp
Dining / Hot Lunch,Dining,Hot Lunch,12098400,Parmesan Chicken,Parmesan Chicken,12098400.webp
Dining / Hot Lunch,Dining,Hot Lunch,12098413,Garlic Mushroom,Garlic Mushroom,12098413.webp
Dining / Hot Lunch,Dining,Hot Lunch,12098415,Pea and Ham Tarts,Pea and Ham Tarts,12098415.webp
Dining / Hot Lunch,Dining,Hot Lunch,12099046,Cheese Twist,Cheese Twist,12099046.webp
Dining / Hot Lunch,Dining,Hot Lunch,12107873,Stir Fried Aubergine & Marinated Tofu,Stir Fried Aubergine & Marinated Tofu,12107873.webp
Dining / Hot Lunch,Dining,Hot Lunch,12107877,Braised Short Ribs,Braised Short Ribs,12107877.webp
Dining / Hot Lunch,Dining,Hot Lunch,12107910,Oat Meal Fried Sardines,Oat Meal Fried Sardines,12107910.webp
Dining / Hot Lunch,Dining,Hot Lunch,12108837,Herbivore Goats Cheese & Herb Polenta tender,Herbivore Goats Cheese & Herb Polenta tender,12108837.webp
Dining / Hot Lunch,Dining,Hot Lunch,12108922,Herbivore Pad Thai Noodles with Edamame Beans,Herbivore Pad Thai Noodles with Edamame Beans,12108922.webp
Dining / Hot Lunch,Dining,Hot Lunch,12108923,Herbivore Chana Dhal Kofta with Vegetable Pilau,Herbivore Chana Dhal Kofta with Vegetable Pilau,12108923.webp
Dining / Hot Lunch,Dining,Hot Lunch,12108926,Herbivore Open Tart of Filo Ricotta Spinach Baked,Herbivore Open Tart of Filo Ricotta Spinach Baked,12108926.webp
Dining / Salads,Dining,Salads,12070224,Eat Middle Eastern Fattoush Salad,Eat Middle Eastern Fattoush Salad,12070224.webp
Dining / Salads,Dining,Salads,12073934,Boiled Egg,Boiled Egg,12073934.webp
Dining / Salads,Dining,Salads,12077230,Salad - Sliced Beetroot,Salad - Sliced Beetroot,12077230.webp
Dining / Salads,Dining,Salads,12084406,Japanese Namasu,Japanese Namasu,12084406.webp
Dining / Salads,Dining,Salads,12086750,Eataliana Insalata di Pomodorini,Eataliana Insalata di Pomodorini,12086750.webp
Dining / Salads,Dining,Salads,12087401,Roasted Sweet Potato Cumin Yogurt Pomegranate,Roasted Sweet Potato Cumin Yogurt Pomegranate,12087401.webp
Dining / Salads,Dining,Salads,12087403,Chargrilled Sprouting Broccoli with Chilli and Garlic,Chargrilled Sprouting Broccoli with Chilli and Garlic,12087403.webp
Dining / Salads,Dining,Salads,12087405,Fried Butter Beans with Feta and Sorrel,Fried Butter Beans with Feta and Sorrel,12087405.webp
Dining / Salads,Dining,Salads,12088002,Creole Sweet Potato & Apple Salad,Creole Sweet Potato & Apple Salad,12088002.webp
Dining / Salads,Dining,Salads,12091795,Salad Box - Coriander Chicken,Salad Box - Coriander Chicken,12091795.webp
Dining / Salads,Dining,Salads,12100762,Mediterraen Potato Salad,Mediterraen Potato Salad,12100762.webp
Dining / Salads,Dining,Salads,12107948,Chicken Chick Pea and Avocado Salad,Chicken Chick Pea and Avocado Salad,12107948.webp
Dining / Salads,Dining,Salads,12107949,Wasabi Salmon & Wild Rice Boxed Salad,Wasabi Salmon & Wild Rice Boxed Salad,12107949.webp
Dining / Salads,Dining,Salads,12107966,Waldorf Salad,Waldorf Salad,12107966.webp
Dining / Salads,Dining,Salads,12107967,Greek Salad,Greek Salad,12107967.webp
Dining / Sandwiches,Dining,Sandwiches,12086068,The Big Breakfast Half Baguette,The Big Breakfast Half Baguette,12086068.webp
Dining / Sandwiches,Dining,Sandwiches,12086069,Cream Cheese Smoked Salmon and Baby Spinach,Cream Cheese Smoked Salmon and Baby Spinach,12086069.webp
Dining / Sandwiches,Dining,Sandwiches,12086240,Cream Cheese Smoked Salmon and Baby Spinach,Cream Cheese Smoked Salmon and Baby Spinach,12086240.webp
Dining / Sandwiches,Dining,Sandwiches,12086241,Egg Florentine Baguette,Egg Florentine Baguette,12086241.webp
Dining / Sandwiches,Dining,Sandwiches,12086242,Egg Florentine Half Baguette,Egg Florentine Half Baguette,12086242.webp
Dining / Sandwiches,Dining,Sandwiches,12086255,Smoked Mackerel Horseradish and Yoghurt,Smoked Mackerel Horseradish and Yoghurt,12086255.webp
Dining / Sandwiches,Dining,Sandwiches,12086256,Smoked Mackerel Horseradish and Yoghurt Half,Smoked Mackerel Horseradish and Yoghurt Half,12086256.webp
Dining / Sandwiches,Dining,Sandwiches,12088803,Deli Premade Moroccan Falafel Houmous &,Deli Premade Moroccan Falafel Houmous &,12088803.webp
Dining / Sandwiches,Dining,Sandwiches,12107915,Beetroot Cured Salmon Open Sandwich with,Beetroot Cured Salmon Open Sandwich with,12107915.webp
Dining / Sandwiches,Dining,Sandwiches,12109060,Hot Salt Beef and Mustard Sandwich,Hot Salt Beef and Mustard Sandwich,12109060.webp
Dining / Sandwiches,Dining,Sandwiches,12109635,Hot Roast Turkey and Cranberry Sandwich,Hot Roast Turkey and Cranberry Sandwich,12109635.webp
Dining / Sandwiches,Dining,Sandwiches,12109636,Cheese and Tomato Toastie,Cheese and Tomato Toastie,12109636.webp
Dining / Sandwiches,Dining,Sandwiches,12109637,Cheese and Ham Toastie,Cheese and Ham Toastie,12109637.webp
Dining / Sandwiches,Dining,Sandwiches,12109638,Cheese and Red Onion Toastie,Cheese and Red Onion Toastie,12109638.webp
Dining / Sandwiches,Dining,Sandwiches,12109639,Tuna Melt Panini,Tuna Melt Panini,12109639.webp
Dining / Cakes & Desserts,Dining,Cakes & Desserts,12086258,Apple Pear and Rosemary Pie with Bought In Pastry,Apple Pear and Rosemary Pie with Bought In Pastry,12086258.webp
Dining / Cakes & Desserts,Dining,Cakes & Desserts,12086259,Recipe Price Band R8,Recipe Price Band R8,12086259.webp
Dining / Cakes & Desserts,Dining,Cakes & Desserts,12086270,Pear Walnut and Honey Pie with Bought In Pastry,Pear Walnut and Honey Pie with Bought In Pastry,12086270.webp
Dining / Cakes & Desserts,Dining,Cakes & Desserts,12086272,Rhubarb Orange and Ginger Pie with Bought In,Rhubarb Orange and Ginger Pie with Bought In,12086272.webp
Dining / Cakes & Desserts,Dining,Cakes & Desserts,12087999,Blondie with a Dark Chocolate Frosting,Blondie with a Dark Chocolate Frosting,12087999.webp
Dining / Cakes & Desserts,Dining,Cakes & Desserts,12091210,Onde Onde - Coconut Poppers,Onde Onde - Coconut Poppers,12091210.webp
Dining / Cakes & Desserts,Dining,Cakes & Desserts,12091350,Mini Blackberry Pavlova,Mini Blackberry Pavlova,12091350.webp
Dining / Cakes & Desserts,Dining,Cakes & Desserts,12091351,Blackberry Panacotta,Blackberry Panacotta,12091351.webp
Dining / Cakes & Desserts,Dining,Cakes & Desserts,12091354,Baked Blackberry Cheesecake,Baked Blackberry Cheesecake,12091354.webp
Dining / Cakes & Desserts,Dining,Cakes & Desserts,12091355,Recipe Price Band R8,Recipe Price Band R8,12091355.webp
Dining / Cakes & Desserts,Dining,Cakes & Desserts,12091399,Pulut Hitam - Black(Red) Rice Pudding,Pulut Hitam - Black(Red) Rice Pudding,12091399.webp
Dining / Cakes & Desserts,Dining,Cakes & Desserts,12109523,Mango Tart aux Tan,Mango Tart aux Tan,12109523.webp
Dining / Cakes & Desserts,Dining,Cakes & Desserts,12111990,Pastel de Tres Leches (Three Milk Cake),Pastel de Tres Leches (Three Milk Cake),12111990.webp
Dining / Cakes & Desserts,Dining,Cakes & Desserts,12111993,Alfajores,Alfajores,12111993.webp
Dining / Cakes & Desserts,Dining,Cakes & Desserts,12121081,Rice Pudding with Pistachio and Apricot,Rice Pudding with Pistachio and Apricot,12121081.webp
Dining / Breakfast,Dining,Breakfast,12069643,Scrambled Egg,Scrambled Egg,12069643.webp
Dining / Breakfast,Dining,Breakfast,12084870,Smoked Bacon Muffin Tower,Smoked Bacon Muffin Tower,12084870.webp
Dining / Breakfast,Dining,Breakfast,12084872,Egg & Hash Muffin Tower,Egg & Hash Muffin Tower,12084872.webp
Dining / Breakfast,Dining,Breakfast,12085745,Semi Skimmed Milk,Semi Skimmed Milk,12085745.webp
Dining / Breakfast,Dining,Breakfast,12089704,Porridge Made with Semi Skimmed Milk,Porridge Made with Semi Skimmed Milk,12089704.webp
Dining / Breakfast,Dining,Breakfast,12100051,Porridge with Whole Milk,Porridge with Whole Milk,12100051.webp
Dining / Breakfast,Dining,Breakfast,12122204,Wholemeal Toast,Wholemeal Toast,12122204.webp
Dining / Breakfast,Dining,Breakfast,12125942,Classic Fruit Salad,Classic Fruit Salad,12125942.webp
Dining / Breakfast,Dining,Breakfast,12125944,Tropical Fruit Pot,Tropical Fruit Pot,12125944.webp
Dining / Breakfast,Dining,Breakfast,12137045,Pumpkin Seed & Mango Bircher Pot,Pumpkin Seed & Mango Bircher Pot,12137045.webp
Dining / Signature Salads,Dining,Signature Salads,12075641,Sig Salad Aubergine with Oregano Parsley Tahini,Sig Salad Aubergine with Oregano Parsley Tahini,12075641.webp
Dining / Signature Salads,Dining,Signature Salads,12137731,Sig Salad Roast Heritage Carrots Hazlenuts & Rose,Sig Salad Roast Heritage Carrots Hazlenuts & Rose,12137731.webp
Dining / Signature Salads,Dining,Signature Salads,12139474,Sig Salad Roasted Peppers Preserved Lemon,Sig Salad Roasted Peppers Preserved Lemon,12139474.webp
Dining / Signature Salads,Dining,Signature Salads,12139477,Sig Salad Aubergine with Pickled Lemons and,Sig Salad Aubergine with Pickled Lemons and,12139477.webp
Dining / Signature Salads,Dining,Signature Salads,12140368,Sig Salad Mushrooms Roasted with Maple,Sig Salad Mushrooms Roasted with Maple,12140368.webp
Dining / Soups and Broths,Dining,Soups and Broths,12084527,Noodle Bar Vegetable & Noodle Soup 16oz,Noodle Bar Vegetable & Noodle Soup 16oz,12084527.webp
Dining / Soups and Broths,Dining,Soups and Broths,12087784,Curried Butternut Squash Soup,Curried Butternut Squash Soup,12087784.webp
Dining / Soups and Broths,Dining,Soups and Broths,12098891,Broccoli and Dorset Blue Vinny Cheese Soup,Broccoli and Dorset Blue Vinny Cheese Soup,12098891.webp
Dining / Soups and Broths,Dining,Soups and Broths,12109209,Red Pea Soup served with Spinners,Red Pea Soup served with Spinners,12109209.webp
Dining / Soups and Broths,Dining,Soups and Broths,12111457,Tomato Soup,Tomato Soup,12111457.webp
